13,5,m080focF3boQ6vTs5NjQOUmbsr0=,FZdZEfkXc/lUj+msUUWpdv3qSBg=
12,3,m080focF3boQ6vTs5NjQOUmbsr0=,eJm7pA6eKkujVeusMsNBQYYBFvA=
12,4,m080focF3boQ6vTs5NjQOUmbsr0=,FZdZEfkXc/lUj+msUUWpdv3qSBg=
11,5,m080focF3boQ6vTs5NjQOUmbsr0=,j98geMeOcreIpvMnhJ4HGMO9mcU=
13,3,m080focF3boQ6vTs5NjQOUmbsr0=,eJm7pA6eKkujVeusMsNBQYYBFvA=
11,4,m080focF3boQ6vTs5NjQOUmbsr0=,j98geMeOcreIpvMnhJ4HGMO9mcU=
12,5,m080focF3boQ6vTs5NjQOUmbsr0=,FZdZEfkXc/lUj+msUUWpdv3qSBg=
10,3,m080focF3boQ6vTs5NjQOUmbsr0=,BMRSyG5TPkVrprZmSCA2Z2XBxac=
10,4,m080focF3boQ6vTs5NjQOUmbsr0=,j98geMeOcreIpvMnhJ4HGMO9mcU=
10,5,m080focF3boQ6vTs5NjQOUmbsr0=,j98geMeOcreIpvMnhJ4HGMO9mcU=
13,4,m080focF3boQ6vTs5NjQOUmbsr0=,FZdZEfkXc/lUj+msUUWpdv3qSBg=
11,3,m080focF3boQ6vTs5NjQOUmbsr0=,BMRSyG5TPkVrprZmSCA2Z2XBxac=
12,2,m080focF3boQ6vTs5NjQOUmbsr0=,eJm7pA6eKkujVeusMsNBQYYBFvA=
13,2,m080focF3boQ6vTs5NjQOUmbsr0=,eJm7pA6eKkujVeusMsNBQYYBFvA=
11,2,m080focF3boQ6vTs5NjQOUmbsr0=,BMRSyG5TPkVrprZmSCA2Z2XBxac=
10,2,yB02UPwH4gBR0LsPWiuR0kA1PsM=,BMRSyG5TPkVrprZmSCA2Z2XBxac=
7,5,5r9ksCg7egOwD5mFGa9pGdzTJac=,BRq7nRkbLZk7Zcx+oVkmD4SqxzQ=
6,4,5r9ksCg7egOwD5mFGa9pGdzTJac=,BRq7nRkbLZk7Zcx+oVkmD4SqxzQ=
8,4,5r9ksCg7egOwD5mFGa9pGdzTJac=,j98geMeOcreIpvMnhJ4HGMO9mcU=
8,5,5r9ksCg7egOwD5mFGa9pGdzTJac=,j98geMeOcreIpvMnhJ4HGMO9mcU=
7,2,5r9ksCg7egOwD5mFGa9pGdzTJac=,gadju7719uV3GszSMR3LhyNoCiU=
9,5,5r9ksCg7egOwD5mFGa9pGdzTJac=,j98geMeOcreIpvMnhJ4HGMO9mcU=
6,5,5r9ksCg7egOwD5mFGa9pGdzTJac=,BRq7nRkbLZk7Zcx+oVkmD4SqxzQ=
8,3,5r9ksCg7egOwD5mFGa9pGdzTJac=,BMRSyG5TPkVrprZmSCA2Z2XBxac=
13,14,5r9ksCg7egOwD5mFGa9pGdzTJac=,u6XRfz73U2cLU2GB0rsevVH9JlQ=
14,14,5r9ksCg7egOwD5mFGa9pGdzTJac=,u6XRfz73U2cLU2GB0rsevVH9JlQ=
13,13,5r9ksCg7egOwD5mFGa9pGdzTJac=,u6XRfz73U2cLU2GB0rsevVH9JlQ=
14,13,5r9ksCg7egOwD5mFGa9pGdzTJac=,u6XRfz73U2cLU2GB0rsevVH9JlQ=
9,3,5r9ksCg7egOwD5mFGa9pGdzTJac=,BMRSyG5TPkVrprZmSCA2Z2XBxac=
7,3,5r9ksCg7egOwD5mFGa9pGdzTJac=,gadju7719uV3GszSMR3LhyNoCiU=
7,4,5r9ksCg7egOwD5mFGa9pGdzTJac=,BRq7nRkbLZk7Zcx+oVkmD4SqxzQ=
9,2,5r9ksCg7egOwD5mFGa9pGdzTJac=,BMRSyG5TPkVrprZmSCA2Z2XBxac=
8,2,5r9ksCg7egOwD5mFGa9pGdzTJac=,BMRSyG5TPkVrprZmSCA2Z2XBxac=
9,4,5r9ksCg7egOwD5mFGa9pGdzTJac=,j98geMeOcreIpvMnhJ4HGMO9mcU=
6,3,5r9ksCg7egOwD5mFGa9pGdzTJac=,gadju7719uV3GszSMR3LhyNoCiU=
6,2,5r9ksCg7egOwD5mFGa9pGdzTJac=,gadju7719uV3GszSMR3LhyNoCiU=
8,9,5r9ksCg7egOwD5mFGa9pGdzTJac=,O6sMXAGKOhiSDvbjB/FGVFXloCM=
7,9,5r9ksCg7egOwD5mFGa9pGdzTJac=,m64dC4viIQwDMa2K0apgQuyM8zY=
8,7,5r9ksCg7egOwD5mFGa9pGdzTJac=,j98geMeOcreIpvMnhJ4HGMO9mcU=
9,9,5r9ksCg7egOwD5mFGa9pGdzTJac=,O6sMXAGKOhiSDvbjB/FGVFXloCM=
9,8,5r9ksCg7egOwD5mFGa9pGdzTJac=,O6sMXAGKOhiSDvbjB/FGVFXloCM=
7,8,5r9ksCg7egOwD5mFGa9pGdzTJac=,m64dC4viIQwDMa2K0apgQuyM8zY=
6,9,5r9ksCg7egOwD5mFGa9pGdzTJac=,m64dC4viIQwDMa2K0apgQuyM8zY=
7,6,5r9ksCg7egOwD5mFGa9pGdzTJac=,BRq7nRkbLZk7Zcx+oVkmD4SqxzQ=
8,8,5r9ksCg7egOwD5mFGa9pGdzTJac=,O6sMXAGKOhiSDvbjB/FGVFXloCM=
9,7,5r9ksCg7egOwD5mFGa9pGdzTJac=,j98geMeOcreIpvMnhJ4HGMO9mcU=
7,7,5r9ksCg7egOwD5mFGa9pGdzTJac=,BRq7nRkbLZk7Zcx+oVkmD4SqxzQ=
6,6,5r9ksCg7egOwD5mFGa9pGdzTJac=,BRq7nRkbLZk7Zcx+oVkmD4SqxzQ=
9,6,5r9ksCg7egOwD5mFGa9pGdzTJac=,j98geMeOcreIpvMnhJ4HGMO9mcU=
6,7,5r9ksCg7egOwD5mFGa9pGdzTJac=,BRq7nRkbLZk7Zcx+oVkmD4SqxzQ=
8,6,5r9ksCg7egOwD5mFGa9pGdzTJac=,j98geMeOcreIpvMnhJ4HGMO9mcU=
6,8,5r9ksCg7egOwD5mFGa9pGdzTJac=,m64dC4viIQwDMa2K0apgQuyM8zY=
12,13,5r9ksCg7egOwD5mFGa9pGdzTJac=,u6XRfz73U2cLU2GB0rsevVH9JlQ=
14,11,5r9ksCg7egOwD5mFGa9pGdzTJac=,uoRcxdrJ5P59Cowr2/+CoHwVC1Q=
13,12,5r9ksCg7egOwD5mFGa9pGdzTJac=,u6XRfz73U2cLU2GB0rsevVH9JlQ=
14,12,5r9ksCg7egOwD5mFGa9pGdzTJac=,u6XRfz73U2cLU2GB0rsevVH9JlQ=
12,12,5r9ksCg7egOwD5mFGa9pGdzTJac=,u6XRfz73U2cLU2GB0rsevVH9JlQ=
11,13,5r9ksCg7egOwD5mFGa9pGdzTJac=,HD+66o4TStS18Nz5UeyjHQjF3rs=
11,12,5r9ksCg7egOwD5mFGa9pGdzTJac=,HD+66o4TStS18Nz5UeyjHQjF3rs=
10,13,5r9ksCg7egOwD5mFGa9pGdzTJac=,HD+66o4TStS18Nz5UeyjHQjF3rs=
10,12,5r9ksCg7egOwD5mFGa9pGdzTJac=,HD+66o4TStS18Nz5UeyjHQjF3rs=
13,6,5r9ksCg7egOwD5mFGa9pGdzTJac=,FZdZEfkXc/lUj+msUUWpdv3qSBg=
12,6,5r9ksCg7egOwD5mFGa9pGdzTJac=,FZdZEfkXc/lUj+msUUWpdv3qSBg=
9,12,5r9ksCg7egOwD5mFGa9pGdzTJac=,HD+66o4TStS18Nz5UeyjHQjF3rs=
9,13,5r9ksCg7egOwD5mFGa9pGdzTJac=,HD+66o4TStS18Nz5UeyjHQjF3rs=
12,10,5r9ksCg7egOwD5mFGa9pGdzTJac=,uoRcxdrJ5P59Cowr2/+CoHwVC1Q=
2,14,5r9ksCg7egOwD5mFGa9pGdzTJac=,ujSCnnP+sazim3aPBGCmCAYZiRY=
12,9,5r9ksCg7egOwD5mFGa9pGdzTJac=,uoRcxdrJ5P59Cowr2/+CoHwVC1Q=
4,14,5r9ksCg7egOwD5mFGa9pGdzTJac=,8dM/VBkhG19NAN3MVF2MSql5ZcE=
3,14,5r9ksCg7egOwD5mFGa9pGdzTJac=,ujSCnnP+sazim3aPBGCmCAYZiRY=
2,13,5r9ksCg7egOwD5mFGa9pGdzTJac=,ujSCnnP+sazim3aPBGCmCAYZiRY=
10,7,5r9ksCg7egOwD5mFGa9pGdzTJac=,j98geMeOcreIpvMnhJ4HGMO9mcU=
13,9,5r9ksCg7egOwD5mFGa9pGdzTJac=,uoRcxdrJ5P59Cowr2/+CoHwVC1Q=
11,6,5r9ksCg7egOwD5mFGa9pGdzTJac=,j98geMeOcreIpvMnhJ4HGMO9mcU=
10,9,5r9ksCg7egOwD5mFGa9pGdzTJac=,O6sMXAGKOhiSDvbjB/FGVFXloCM=
10,10,5r9ksCg7egOwD5mFGa9pGdzTJac=,O6sMXAGKOhiSDvbjB/FGVFXloCM=
10,6,5r9ksCg7egOwD5mFGa9pGdzTJac=,j98geMeOcreIpvMnhJ4HGMO9mcU=
10,8,5r9ksCg7egOwD5mFGa9pGdzTJac=,O6sMXAGKOhiSDvbjB/FGVFXloCM=
13,11,5r9ksCg7egOwD5mFGa9pGdzTJac=,uoRcxdrJ5P59Cowr2/+CoHwVC1Q=
12,11,5r9ksCg7egOwD5mFGa9pGdzTJac=,uoRcxdrJ5P59Cowr2/+CoHwVC1Q=
13,10,5r9ksCg7egOwD5mFGa9pGdzTJac=,uoRcxdrJ5P59Cowr2/+CoHwVC1Q=
11,8,5r9ksCg7egOwD5mFGa9pGdzTJac=,O6sMXAGKOhiSDvbjB/FGVFXloCM=
7,14,5r9ksCg7egOwD5mFGa9pGdzTJac=,8dM/VBkhG19NAN3MVF2MSql5ZcE=
11,7,5r9ksCg7egOwD5mFGa9pGdzTJac=,j98geMeOcreIpvMnhJ4HGMO9mcU=
5,11,5r9ksCg7egOwD5mFGa9pGdzTJac=,m64dC4viIQwDMa2K0apgQuyM8zY=
6,14,5r9ksCg7egOwD5mFGa9pGdzTJac=,8dM/VBkhG19NAN3MVF2MSql5ZcE=
5,14,5r9ksCg7egOwD5mFGa9pGdzTJac=,8dM/VBkhG19NAN3MVF2MSql5ZcE=
10,11,5r9ksCg7egOwD5mFGa9pGdzTJac=,O6sMXAGKOhiSDvbjB/FGVFXloCM=
8,13,5r9ksCg7egOwD5mFGa9pGdzTJac=,HD+66o4TStS18Nz5UeyjHQjF3rs=
8,14,5r9ksCg7egOwD5mFGa9pGdzTJac=,HD+66o4TStS18Nz5UeyjHQjF3rs=
8,12,5r9ksCg7egOwD5mFGa9pGdzTJac=,HD+66o4TStS18Nz5UeyjHQjF3rs=
13,7,5r9ksCg7egOwD5mFGa9pGdzTJac=,FZdZEfkXc/lUj+msUUWpdv3qSBg=
11,9,5r9ksCg7egOwD5mFGa9pGdzTJac=,O6sMXAGKOhiSDvbjB/FGVFXloCM=
11,11,5r9ksCg7egOwD5mFGa9pGdzTJac=,O6sMXAGKOhiSDvbjB/FGVFXloCM=
6,11,5r9ksCg7egOwD5mFGa9pGdzTJac=,m64dC4viIQwDMa2K0apgQuyM8zY=
7,13,5r9ksCg7egOwD5mFGa9pGdzTJac=,8dM/VBkhG19NAN3MVF2MSql5ZcE=
8,11,5r9ksCg7egOwD5mFGa9pGdzTJac=,O6sMXAGKOhiSDvbjB/FGVFXloCM=
9,11,5r9ksCg7egOwD5mFGa9pGdzTJac=,O6sMXAGKOhiSDvbjB/FGVFXloCM=
6,12,5r9ksCg7egOwD5mFGa9pGdzTJac=,8dM/VBkhG19NAN3MVF2MSql5ZcE=
7,12,5r9ksCg7egOwD5mFGa9pGdzTJac=,8dM/VBkhG19NAN3MVF2MSql5ZcE=
11,10,5r9ksCg7egOwD5mFGa9pGdzTJac=,O6sMXAGKOhiSDvbjB/FGVFXloCM=
6,13,5r9ksCg7egOwD5mFGa9pGdzTJac=,8dM/VBkhG19NAN3MVF2MSql5ZcE=
6,10,5r9ksCg7egOwD5mFGa9pGdzTJac=,m64dC4viIQwDMa2K0apgQuyM8zY=
7,10,5r9ksCg7egOwD5mFGa9pGdzTJac=,m64dC4viIQwDMa2K0apgQuyM8zY=
12,7,5r9ksCg7egOwD5mFGa9pGdzTJac=,FZdZEfkXc/lUj+msUUWpdv3qSBg=
12,8,5r9ksCg7egOwD5mFGa9pGdzTJac=,uoRcxdrJ5P59Cowr2/+CoHwVC1Q=
7,11,5r9ksCg7egOwD5mFGa9pGdzTJac=,m64dC4viIQwDMa2K0apgQuyM8zY=
8,10,5r9ksCg7egOwD5mFGa9pGdzTJac=,O6sMXAGKOhiSDvbjB/FGVFXloCM=
13,8,5r9ksCg7egOwD5mFGa9pGdzTJac=,uoRcxdrJ5P59Cowr2/+CoHwVC1Q=
9,10,nyNeoe/3vDjugdUyzATwKe9I8YE=,O6sMXAGKOhiSDvbjB/FGVFXloCM=
4,11,nyNeoe/3vDjugdUyzATwKe9I8YE=,m64dC4viIQwDMa2K0apgQuyM8zY=
5,10,nyNeoe/3vDjugdUyzATwKe9I8YE=,m64dC4viIQwDMa2K0apgQuyM8zY=
5,12,nyNeoe/3vDjugdUyzATwKe9I8YE=,8dM/VBkhG19NAN3MVF2MSql5ZcE=
3,13,nyNeoe/3vDjugdUyzATwKe9I8YE=,ujSCnnP+sazim3aPBGCmCAYZiRY=
2,12,nyNeoe/3vDjugdUyzATwKe9I8YE=,ujSCnnP+sazim3aPBGCmCAYZiRY=
4,12,nyNeoe/3vDjugdUyzATwKe9I8YE=,8dM/VBkhG19NAN3MVF2MSql5ZcE=
5,13,nyNeoe/3vDjugdUyzATwKe9I8YE=,8dM/VBkhG19NAN3MVF2MSql5ZcE=
4,13,nyNeoe/3vDjugdUyzATwKe9I8YE=,8dM/VBkhG19NAN3MVF2MSql5ZcE=
4,10,nyNeoe/3vDjugdUyzATwKe9I8YE=,m64dC4viIQwDMa2K0apgQuyM8zY=
3,12,nyNeoe/3vDjugdUyzATwKe9I8YE=,ujSCnnP+sazim3aPBGCmCAYZiRY=
2,10,nyNeoe/3vDjugdUyzATwKe9I8YE=,Kt02Cpnbbh/GmizAXEpEjjh8Jx8=
3,10,nyNeoe/3vDjugdUyzATwKe9I8YE=,Kt02Cpnbbh/GmizAXEpEjjh8Jx8=
3,11,nyNeoe/3vDjugdUyzATwKe9I8YE=,Kt02Cpnbbh/GmizAXEpEjjh8Jx8=
2,11,nyNeoe/3vDjugdUyzATwKe9I8YE=,Kt02Cpnbbh/GmizAXEpEjjh8Jx8=
3,9,QiqyV3TOqoTrbRjl3BrRFzptR6U=,Kt02Cpnbbh/GmizAXEpEjjh8Jx8=
2,6,QiqyV3TOqoTrbRjl3BrRFzptR6U=,wKg4jbifLDdJHHf9ZDXuaEvBLo8=
4,9,QiqyV3TOqoTrbRjl3BrRFzptR6U=,m64dC4viIQwDMa2K0apgQuyM8zY=
1,9,QiqyV3TOqoTrbRjl3BrRFzptR6U=,Kt02Cpnbbh/GmizAXEpEjjh8Jx8=
5,8,QiqyV3TOqoTrbRjl3BrRFzptR6U=,m64dC4viIQwDMa2K0apgQuyM8zY=
5,6,QiqyV3TOqoTrbRjl3BrRFzptR6U=,BRq7nRkbLZk7Zcx+oVkmD4SqxzQ=
2,9,QiqyV3TOqoTrbRjl3BrRFzptR6U=,Kt02Cpnbbh/GmizAXEpEjjh8Jx8=
4,6,QiqyV3TOqoTrbRjl3BrRFzptR6U=,BRq7nRkbLZk7Zcx+oVkmD4SqxzQ=
2,8,QiqyV3TOqoTrbRjl3BrRFzptR6U=,Kt02Cpnbbh/GmizAXEpEjjh8Jx8=
4,7,QiqyV3TOqoTrbRjl3BrRFzptR6U=,BRq7nRkbLZk7Zcx+oVkmD4SqxzQ=
5,7,QiqyV3TOqoTrbRjl3BrRFzptR6U=,BRq7nRkbLZk7Zcx+oVkmD4SqxzQ=
3,7,QiqyV3TOqoTrbRjl3BrRFzptR6U=,wKg4jbifLDdJHHf9ZDXuaEvBLo8=
0,9,QiqyV3TOqoTrbRjl3BrRFzptR6U=,Kt02Cpnbbh/GmizAXEpEjjh8Jx8=
3,8,QiqyV3TOqoTrbRjl3BrRFzptR6U=,Kt02Cpnbbh/GmizAXEpEjjh8Jx8=
2,7,QiqyV3TOqoTrbRjl3BrRFzptR6U=,wKg4jbifLDdJHHf9ZDXuaEvBLo8=
4,8,QiqyV3TOqoTrbRjl3BrRFzptR6U=,m64dC4viIQwDMa2K0apgQuyM8zY=
3,6,QiqyV3TOqoTrbRjl3BrRFzptR6U=,wKg4jbifLDdJHHf9ZDXuaEvBLo8=
0,8,QiqyV3TOqoTrbRjl3BrRFzptR6U=,Kt02Cpnbbh/GmizAXEpEjjh8Jx8=
4,5,QiqyV3TOqoTrbRjl3BrRFzptR6U=,BRq7nRkbLZk7Zcx+oVkmD4SqxzQ=
1,8,QiqyV3TOqoTrbRjl3BrRFzptR6U=,Kt02Cpnbbh/GmizAXEpEjjh8Jx8=
1,6,QiqyV3TOqoTrbRjl3BrRFzptR6U=,wKg4jbifLDdJHHf9ZDXuaEvBLo8=
5,9,QiqyV3TOqoTrbRjl3BrRFzptR6U=,m64dC4viIQwDMa2K0apgQuyM8zY=
2,3,QiqyV3TOqoTrbRjl3BrRFzptR6U=,SE0/uEuJGe5Lffvfe2Te58Gx+sA=
0,7,QiqyV3TOqoTrbRjl3BrRFzptR6U=,wKg4jbifLDdJHHf9ZDXuaEvBLo8=
4,4,QiqyV3TOqoTrbRjl3BrRFzptR6U=,BRq7nRkbLZk7Zcx+oVkmD4SqxzQ=
3,5,QiqyV3TOqoTrbRjl3BrRFzptR6U=,wKg4jbifLDdJHHf9ZDXuaEvBLo8=
0,6,QiqyV3TOqoTrbRjl3BrRFzptR6U=,wKg4jbifLDdJHHf9ZDXuaEvBLo8=
2,2,QiqyV3TOqoTrbRjl3BrRFzptR6U=,SE0/uEuJGe5Lffvfe2Te58Gx+sA=
5,5,QiqyV3TOqoTrbRjl3BrRFzptR6U=,BRq7nRkbLZk7Zcx+oVkmD4SqxzQ=
2,4,QiqyV3TOqoTrbRjl3BrRFzptR6U=,wKg4jbifLDdJHHf9ZDXuaEvBLo8=
2,5,QiqyV3TOqoTrbRjl3BrRFzptR6U=,wKg4jbifLDdJHHf9ZDXuaEvBLo8=
3,2,QiqyV3TOqoTrbRjl3BrRFzptR6U=,SE0/uEuJGe5Lffvfe2Te58Gx+sA=
3,3,QiqyV3TOqoTrbRjl3BrRFzptR6U=,SE0/uEuJGe5Lffvfe2Te58Gx+sA=
3,4,QiqyV3TOqoTrbRjl3BrRFzptR6U=,wKg4jbifLDdJHHf9ZDXuaEvBLo8=
5,4,QiqyV3TOqoTrbRjl3BrRFzptR6U=,BRq7nRkbLZk7Zcx+oVkmD4SqxzQ=
1,7,QiqyV3TOqoTrbRjl3BrRFzptR6U=,wKg4jbifLDdJHHf9ZDXuaEvBLo8=
4,2,QiqyV3TOqoTrbRjl3BrRFzptR6U=,gadju7719uV3GszSMR3LhyNoCiU=
5,2,QiqyV3TOqoTrbRjl3BrRFzptR6U=,gadju7719uV3GszSMR3LhyNoCiU=
5,3,QiqyV3TOqoTrbRjl3BrRFzptR6U=,gadju7719uV3GszSMR3LhyNoCiU=
4,3,QiqyV3TOqoTrbRjl3BrRFzptR6U=,gadju7719uV3GszSMR3LhyNoCiU=
0,4,QiqyV3TOqoTrbRjl3BrRFzptR6U=,wKg4jbifLDdJHHf9ZDXuaEvBLo8=
0,3,QiqyV3TOqoTrbRjl3BrRFzptR6U=,SE0/uEuJGe5Lffvfe2Te58Gx+sA=
1,2,QiqyV3TOqoTrbRjl3BrRFzptR6U=,SE0/uEuJGe5Lffvfe2Te58Gx+sA=
1,4,QiqyV3TOqoTrbRjl3BrRFzptR6U=,wKg4jbifLDdJHHf9ZDXuaEvBLo8=
0,5,QiqyV3TOqoTrbRjl3BrRFzptR6U=,wKg4jbifLDdJHHf9ZDXuaEvBLo8=
1,5,QiqyV3TOqoTrbRjl3BrRFzptR6U=,wKg4jbifLDdJHHf9ZDXuaEvBLo8=
0,2,QiqyV3TOqoTrbRjl3BrRFzptR6U=,SE0/uEuJGe5Lffvfe2Te58Gx+sA=
1,3,QiqyV3TOqoTrbRjl3BrRFzptR6U=,SE0/uEuJGe5Lffvfe2Te58Gx+sA=
3,1,QiqyV3TOqoTrbRjl3BrRFzptR6U=,SE0/uEuJGe5Lffvfe2Te58Gx+sA=
4,0,QiqyV3TOqoTrbRjl3BrRFzptR6U=,gadju7719uV3GszSMR3LhyNoCiU=
2,1,QiqyV3TOqoTrbRjl3BrRFzptR6U=,SE0/uEuJGe5Lffvfe2Te58Gx+sA=
4,1,QiqyV3TOqoTrbRjl3BrRFzptR6U=,gadju7719uV3GszSMR3LhyNoCiU=
9,1,QiqyV3TOqoTrbRjl3BrRFzptR6U=,BMRSyG5TPkVrprZmSCA2Z2XBxac=
2,0,QiqyV3TOqoTrbRjl3BrRFzptR6U=,SE0/uEuJGe5Lffvfe2Te58Gx+sA=
8,0,QiqyV3TOqoTrbRjl3BrRFzptR6U=,BMRSyG5TPkVrprZmSCA2Z2XBxac=
9,0,QiqyV3TOqoTrbRjl3BrRFzptR6U=,BMRSyG5TPkVrprZmSCA2Z2XBxac=
3,0,QiqyV3TOqoTrbRjl3BrRFzptR6U=,SE0/uEuJGe5Lffvfe2Te58Gx+sA=
7,1,QiqyV3TOqoTrbRjl3BrRFzptR6U=,gadju7719uV3GszSMR3LhyNoCiU=
5,1,QiqyV3TOqoTrbRjl3BrRFzptR6U=,gadju7719uV3GszSMR3LhyNoCiU=
5,0,QiqyV3TOqoTrbRjl3BrRFzptR6U=,gadju7719uV3GszSMR3LhyNoCiU=
6,1,QiqyV3TOqoTrbRjl3BrRFzptR6U=,gadju7719uV3GszSMR3LhyNoCiU=
15,12,QiqyV3TOqoTrbRjl3BrRFzptR6U=,u6XRfz73U2cLU2GB0rsevVH9JlQ=
15,11,QiqyV3TOqoTrbRjl3BrRFzptR6U=,uoRcxdrJ5P59Cowr2/+CoHwVC1Q=
15,14,QiqyV3TOqoTrbRjl3BrRFzptR6U=,u6XRfz73U2cLU2GB0rsevVH9JlQ=
15,13,QiqyV3TOqoTrbRjl3BrRFzptR6U=,u6XRfz73U2cLU2GB0rsevVH9JlQ=
15,10,QiqyV3TOqoTrbRjl3BrRFzptR6U=,uoRcxdrJ5P59Cowr2/+CoHwVC1Q=
14,10,QiqyV3TOqoTrbRjl3BrRFzptR6U=,uoRcxdrJ5P59Cowr2/+CoHwVC1Q=
8,1,QiqyV3TOqoTrbRjl3BrRFzptR6U=,BMRSyG5TPkVrprZmSCA2Z2XBxac=
7,0,QiqyV3TOqoTrbRjl3BrRFzptR6U=,gadju7719uV3GszSMR3LhyNoCiU=
5,15,QiqyV3TOqoTrbRjl3BrRFzptR6U=,8dM/VBkhG19NAN3MVF2MSql5ZcE=
6,15,QiqyV3TOqoTrbRjl3BrRFzptR6U=,8dM/VBkhG19NAN3MVF2MSql5ZcE=
7,15,QiqyV3TOqoTrbRjl3BrRFzptR6U=,8dM/VBkhG19NAN3MVF2MSql5ZcE=
6,0,QiqyV3TOqoTrbRjl3BrRFzptR6U=,gadju7719uV3GszSMR3LhyNoCiU=
8,15,QiqyV3TOqoTrbRjl3BrRFzptR6U=,HD+66o4TStS18Nz5UeyjHQjF3rs=
9,14,QiqyV3TOqoTrbRjl3BrRFzptR6U=,HD+66o4TStS18Nz5UeyjHQjF3rs=
9,15,QiqyV3TOqoTrbRjl3BrRFzptR6U=,HD+66o4TStS18Nz5UeyjHQjF3rs=
15,6,QiqyV3TOqoTrbRjl3BrRFzptR6U=,FZdZEfkXc/lUj+msUUWpdv3qSBg=
14,15,QiqyV3TOqoTrbRjl3BrRFzptR6U=,u6XRfz73U2cLU2GB0rsevVH9JlQ=
13,15,QiqyV3TOqoTrbRjl3BrRFzptR6U=,u6XRfz73U2cLU2GB0rsevVH9JlQ=
14,6,QiqyV3TOqoTrbRjl3BrRFzptR6U=,FZdZEfkXc/lUj+msUUWpdv3qSBg=
15,15,QiqyV3TOqoTrbRjl3BrRFzptR6U=,u6XRfz73U2cLU2GB0rsevVH9JlQ=
10,15,QiqyV3TOqoTrbRjl3BrRFzptR6U=,HD+66o4TStS18Nz5UeyjHQjF3rs=
11,14,QiqyV3TOqoTrbRjl3BrRFzptR6U=,HD+66o4TStS18Nz5UeyjHQjF3rs=
11,15,QiqyV3TOqoTrbRjl3BrRFzptR6U=,HD+66o4TStS18Nz5UeyjHQjF3rs=
12,14,QiqyV3TOqoTrbRjl3BrRFzptR6U=,u6XRfz73U2cLU2GB0rsevVH9JlQ=
12,15,QiqyV3TOqoTrbRjl3BrRFzptR6U=,u6XRfz73U2cLU2GB0rsevVH9JlQ=
4,15,QiqyV3TOqoTrbRjl3BrRFzptR6U=,8dM/VBkhG19NAN3MVF2MSql5ZcE=
3,15,QiqyV3TOqoTrbRjl3BrRFzptR6U=,ujSCnnP+sazim3aPBGCmCAYZiRY=
2,15,QiqyV3TOqoTrbRjl3BrRFzptR6U=,ujSCnnP+sazim3aPBGCmCAYZiRY=
14,7,QiqyV3TOqoTrbRjl3BrRFzptR6U=,FZdZEfkXc/lUj+msUUWpdv3qSBg=
14,9,QiqyV3TOqoTrbRjl3BrRFzptR6U=,uoRcxdrJ5P59Cowr2/+CoHwVC1Q=
10,14,QiqyV3TOqoTrbRjl3BrRFzptR6U=,HD+66o4TStS18Nz5UeyjHQjF3rs=
15,8,QiqyV3TOqoTrbRjl3BrRFzptR6U=,uoRcxdrJ5P59Cowr2/+CoHwVC1Q=
15,9,QiqyV3TOqoTrbRjl3BrRFzptR6U=,uoRcxdrJ5P59Cowr2/+CoHwVC1Q=
15,7,QiqyV3TOqoTrbRjl3BrRFzptR6U=,FZdZEfkXc/lUj+msUUWpdv3qSBg=
14,8,QiqyV3TOqoTrbRjl3BrRFzptR6U=,uoRcxdrJ5P59Cowr2/+CoHwVC1Q=
13,0,QiqyV3TOqoTrbRjl3BrRFzptR6U=,eJm7pA6eKkujVeusMsNBQYYBFvA=
12,0,QiqyV3TOqoTrbRjl3BrRFzptR6U=,eJm7pA6eKkujVeusMsNBQYYBFvA=
13,1,QiqyV3TOqoTrbRjl3BrRFzptR6U=,eJm7pA6eKkujVeusMsNBQYYBFvA=
0,15,QiqyV3TOqoTrbRjl3BrRFzptR6U=,ujSCnnP+sazim3aPBGCmCAYZiRY=
1,15,QiqyV3TOqoTrbRjl3BrRFzptR6U=,ujSCnnP+sazim3aPBGCmCAYZiRY=
12,1,QiqyV3TOqoTrbRjl3BrRFzptR6U=,eJm7pA6eKkujVeusMsNBQYYBFvA=
0,13,QiqyV3TOqoTrbRjl3BrRFzptR6U=,ujSCnnP+sazim3aPBGCmCAYZiRY=
0,14,QiqyV3TOqoTrbRjl3BrRFzptR6U=,ujSCnnP+sazim3aPBGCmCAYZiRY=
1,13,QiqyV3TOqoTrbRjl3BrRFzptR6U=,ujSCnnP+sazim3aPBGCmCAYZiRY=
0,12,QiqyV3TOqoTrbRjl3BrRFzptR6U=,ujSCnnP+sazim3aPBGCmCAYZiRY=
14,0,QiqyV3TOqoTrbRjl3BrRFzptR6U=,eJm7pA6eKkujVeusMsNBQYYBFvA=
0,10,QiqyV3TOqoTrbRjl3BrRFzptR6U=,Kt02Cpnbbh/GmizAXEpEjjh8Jx8=
11,0,QiqyV3TOqoTrbRjl3BrRFzptR6U=,BMRSyG5TPkVrprZmSCA2Z2XBxac=
15,1,QiqyV3TOqoTrbRjl3BrRFzptR6U=,eJm7pA6eKkujVeusMsNBQYYBFvA=
0,11,QiqyV3TOqoTrbRjl3BrRFzptR6U=,Kt02Cpnbbh/GmizAXEpEjjh8Jx8=
1,14,QiqyV3TOqoTrbRjl3BrRFzptR6U=,ujSCnnP+sazim3aPBGCmCAYZiRY=
1,12,QiqyV3TOqoTrbRjl3BrRFzptR6U=,ujSCnnP+sazim3aPBGCmCAYZiRY=
1,11,QiqyV3TOqoTrbRjl3BrRFzptR6U=,Kt02Cpnbbh/GmizAXEpEjjh8Jx8=
15,3,QiqyV3TOqoTrbRjl3BrRFzptR6U=,eJm7pA6eKkujVeusMsNBQYYBFvA=
15,5,QiqyV3TOqoTrbRjl3BrRFzptR6U=,FZdZEfkXc/lUj+msUUWpdv3qSBg=
15,4,QiqyV3TOqoTrbRjl3BrRFzptR6U=,FZdZEfkXc/lUj+msUUWpdv3qSBg=
15,2,QiqyV3TOqoTrbRjl3BrRFzptR6U=,eJm7pA6eKkujVeusMsNBQYYBFvA=
1,10,QiqyV3TOqoTrbRjl3BrRFzptR6U=,Kt02Cpnbbh/GmizAXEpEjjh8Jx8=
14,5,QiqyV3TOqoTrbRjl3BrRFzptR6U=,FZdZEfkXc/lUj+msUUWpdv3qSBg=
14,2,QiqyV3TOqoTrbRjl3BrRFzptR6U=,eJm7pA6eKkujVeusMsNBQYYBFvA=
10,1,QiqyV3TOqoTrbRjl3BrRFzptR6U=,BMRSyG5TPkVrprZmSCA2Z2XBxac=
14,4,QiqyV3TOqoTrbRjl3BrRFzptR6U=,FZdZEfkXc/lUj+msUUWpdv3qSBg=
14,1,QiqyV3TOqoTrbRjl3BrRFzptR6U=,eJm7pA6eKkujVeusMsNBQYYBFvA=
15,0,QiqyV3TOqoTrbRjl3BrRFzptR6U=,eJm7pA6eKkujVeusMsNBQYYBFvA=
14,3,QiqyV3TOqoTrbRjl3BrRFzptR6U=,eJm7pA6eKkujVeusMsNBQYYBFvA=
11,1,QiqyV3TOqoTrbRjl3BrRFzptR6U=,BMRSyG5TPkVrprZmSCA2Z2XBxac=
10,0,QiqyV3TOqoTrbRjl3BrRFzptR6U=,BMRSyG5TPkVrprZmSCA2Z2XBxac=
0,0,QiqyV3TOqoTrbRjl3BrRFzptR6U=,SE0/uEuJGe5Lffvfe2Te58Gx+sA=
0,1,jNrH5lwxBRxME8SNFo1HBbf0BQM=,SE0/uEuJGe5Lffvfe2Te58Gx+sA=
1,0,jNrH5lwxBRxME8SNFo1HBbf0BQM=,SE0/uEuJGe5Lffvfe2Te58Gx+sA=
1,1,jNrH5lwxBRxME8SNFo1HBbf0BQM=,SE0/uEuJGe5Lffvfe2Te58Gx+sA=
8,18,jNrH5lwxBRxME8SNFo1HBbf0BQM=,HP7jTz3v+kbWWeMTkJSyX1Mgrno=
10,17,jNrH5lwxBRxME8SNFo1HBbf0BQM=,HP7jTz3v+kbWWeMTkJSyX1Mgrno=
9,19,jNrH5lwxBRxME8SNFo1HBbf0BQM=,HP7jTz3v+kbWWeMTkJSyX1Mgrno=
9,17,jNrH5lwxBRxME8SNFo1HBbf0BQM=,HP7jTz3v+kbWWeMTkJSyX1Mgrno=
8,17,jNrH5lwxBRxME8SNFo1HBbf0BQM=,HP7jTz3v+kbWWeMTkJSyX1Mgrno=
10,19,jNrH5lwxBRxME8SNFo1HBbf0BQM=,HP7jTz3v+kbWWeMTkJSyX1Mgrno=
10,18,jNrH5lwxBRxME8SNFo1HBbf0BQM=,HP7jTz3v+kbWWeMTkJSyX1Mgrno=
9,18,jNrH5lwxBRxME8SNFo1HBbf0BQM=,HP7jTz3v+kbWWeMTkJSyX1Mgrno=
8,19,jNrH5lwxBRxME8SNFo1HBbf0BQM=,HP7jTz3v+kbWWeMTkJSyX1Mgrno=
14,18,jNrH5lwxBRxME8SNFo1HBbf0BQM=,Wazf+WUvAImTIInZXub8MISprHg=
15,19,jNrH5lwxBRxME8SNFo1HBbf0BQM=,Wazf+WUvAImTIInZXub8MISprHg=
12,17,jNrH5lwxBRxME8SNFo1HBbf0BQM=,Wazf+WUvAImTIInZXub8MISprHg=
14,19,jNrH5lwxBRxME8SNFo1HBbf0BQM=,Wazf+WUvAImTIInZXub8MISprHg=
13,17,jNrH5lwxBRxME8SNFo1HBbf0BQM=,Wazf+WUvAImTIInZXub8MISprHg=
15,18,jNrH5lwxBRxME8SNFo1HBbf0BQM=,Wazf+WUvAImTIInZXub8MISprHg=
13,18,jNrH5lwxBRxME8SNFo1HBbf0BQM=,Wazf+WUvAImTIInZXub8MISprHg=
13,19,jNrH5lwxBRxME8SNFo1HBbf0BQM=,Wazf+WUvAImTIInZXub8MISprHg=
11,19,jNrH5lwxBRxME8SNFo1HBbf0BQM=,HP7jTz3v+kbWWeMTkJSyX1Mgrno=
12,18,jNrH5lwxBRxME8SNFo1HBbf0BQM=,Wazf+WUvAImTIInZXub8MISprHg=
12,19,jNrH5lwxBRxME8SNFo1HBbf0BQM=,Wazf+WUvAImTIInZXub8MISprHg=
15,17,jNrH5lwxBRxME8SNFo1HBbf0BQM=,Wazf+WUvAImTIInZXub8MISprHg=
11,17,jNrH5lwxBRxME8SNFo1HBbf0BQM=,HP7jTz3v+kbWWeMTkJSyX1Mgrno=
11,18,jNrH5lwxBRxME8SNFo1HBbf0BQM=,HP7jTz3v+kbWWeMTkJSyX1Mgrno=
2,18,jNrH5lwxBRxME8SNFo1HBbf0BQM=,TVQ5uvcoigft8qWbpD6Gi475POg=
3,18,jNrH5lwxBRxME8SNFo1HBbf0BQM=,TVQ5uvcoigft8qWbpD6Gi475POg=
1,17,jNrH5lwxBRxME8SNFo1HBbf0BQM=,TVQ5uvcoigft8qWbpD6Gi475POg=
2,17,jNrH5lwxBRxME8SNFo1HBbf0BQM=,TVQ5uvcoigft8qWbpD6Gi475POg=
14,17,jNrH5lwxBRxME8SNFo1HBbf0BQM=,Wazf+WUvAImTIInZXub8MISprHg=
3,17,jNrH5lwxBRxME8SNFo1HBbf0BQM=,TVQ5uvcoigft8qWbpD6Gi475POg=
1,19,jNrH5lwxBRxME8SNFo1HBbf0BQM=,TVQ5uvcoigft8qWbpD6Gi475POg=
2,19,jNrH5lwxBRxME8SNFo1HBbf0BQM=,TVQ5uvcoigft8qWbpD6Gi475POg=
1,18,jNrH5lwxBRxME8SNFo1HBbf0BQM=,TVQ5uvcoigft8qWbpD6Gi475POg=
3,19,jNrH5lwxBRxME8SNFo1HBbf0BQM=,TVQ5uvcoigft8qWbpD6Gi475POg=
0,18,jNrH5lwxBRxME8SNFo1HBbf0BQM=,TVQ5uvcoigft8qWbpD6Gi475POg=
0,17,jNrH5lwxBRxME8SNFo1HBbf0BQM=,TVQ5uvcoigft8qWbpD6Gi475POg=
0,19,jNrH5lwxBRxME8SNFo1HBbf0BQM=,TVQ5uvcoigft8qWbpD6Gi475POg=
14,16,jNrH5lwxBRxME8SNFo1HBbf0BQM=,Wazf+WUvAImTIInZXub8MISprHg=
13,16,jNrH5lwxBRxME8SNFo1HBbf0BQM=,Wazf+WUvAImTIInZXub8MISprHg=
15,16,jNrH5lwxBRxME8SNFo1HBbf0BQM=,Wazf+WUvAImTIInZXub8MISprHg=
2,16,jNrH5lwxBRxME8SNFo1HBbf0BQM=,TVQ5uvcoigft8qWbpD6Gi475POg=
3,16,jNrH5lwxBRxME8SNFo1HBbf0BQM=,TVQ5uvcoigft8qWbpD6Gi475POg=
0,16,jNrH5lwxBRxME8SNFo1HBbf0BQM=,TVQ5uvcoigft8qWbpD6Gi475POg=
1,16,jNrH5lwxBRxME8SNFo1HBbf0BQM=,TVQ5uvcoigft8qWbpD6Gi475POg=
8,16,jNrH5lwxBRxME8SNFo1HBbf0BQM=,HP7jTz3v+kbWWeMTkJSyX1Mgrno=
9,16,jNrH5lwxBRxME8SNFo1HBbf0BQM=,HP7jTz3v+kbWWeMTkJSyX1Mgrno=
11,16,jNrH5lwxBRxME8SNFo1HBbf0BQM=,HP7jTz3v+kbWWeMTkJSyX1Mgrno=
12,16,jNrH5lwxBRxME8SNFo1HBbf0BQM=,Wazf+WUvAImTIInZXub8MISprHg=
10,16,jNrH5lwxBRxME8SNFo1HBbf0BQM=,HP7jTz3v+kbWWeMTkJSyX1Mgrno=
22,6,6trcfU5abohOr9Cy/isv6DPNp94=,vYpU15/n6as9lnLYY+QcCHvd0Bg=
21,6,6trcfU5abohOr9Cy/isv6DPNp94=,vYpU15/n6as9lnLYY+QcCHvd0Bg=
22,5,6trcfU5abohOr9Cy/isv6DPNp94=,vYpU15/n6as9lnLYY+QcCHvd0Bg=
21,5,6trcfU5abohOr9Cy/isv6DPNp94=,vYpU15/n6as9lnLYY+QcCHvd0Bg=
22,1,6trcfU5abohOr9Cy/isv6DPNp94=,/hm5drDv8xWEmYXE9gIQmosTARI=
22,2,6trcfU5abohOr9Cy/isv6DPNp94=,/hm5drDv8xWEmYXE9gIQmosTARI=
21,7,NfmPLIVZsaw1ubYNZe6s1KyUziw=,vYpU15/n6as9lnLYY+QcCHvd0Bg=
22,7,NfmPLIVZsaw1ubYNZe6s1KyUziw=,vYpU15/n6as9lnLYY+QcCHvd0Bg=
21,8,NfmPLIVZsaw1ubYNZe6s1KyUziw=,d17XXA/f/zMwa+d6GJa5PC8P0e0=
21,9,NfmPLIVZsaw1ubYNZe6s1KyUziw=,d17XXA/f/zMwa+d6GJa5PC8P0e0=
21,10,NfmPLIVZsaw1ubYNZe6s1KyUziw=,d17XXA/f/zMwa+d6GJa5PC8P0e0=
22,9,NfmPLIVZsaw1ubYNZe6s1KyUziw=,d17XXA/f/zMwa+d6GJa5PC8P0e0=
22,8,NfmPLIVZsaw1ubYNZe6s1KyUziw=,d17XXA/f/zMwa+d6GJa5PC8P0e0=
22,10,NfmPLIVZsaw1ubYNZe6s1KyUziw=,d17XXA/f/zMwa+d6GJa5PC8P0e0=
23,9,NfmPLIVZsaw1ubYNZe6s1KyUziw=,d17XXA/f/zMwa+d6GJa5PC8P0e0=
23,10,NfmPLIVZsaw1ubYNZe6s1KyUziw=,d17XXA/f/zMwa+d6GJa5PC8P0e0=
20,9,NfmPLIVZsaw1ubYNZe6s1KyUziw=,d17XXA/f/zMwa+d6GJa5PC8P0e0=
19,9,NfmPLIVZsaw1ubYNZe6s1KyUziw=,0eY1zFHxbxrdGsHaXqE3fLbZ/xY=
19,10,NfmPLIVZsaw1ubYNZe6s1KyUziw=,0eY1zFHxbxrdGsHaXqE3fLbZ/xY=
20,10,NfmPLIVZsaw1ubYNZe6s1KyUziw=,d17XXA/f/zMwa+d6GJa5PC8P0e0=
17,11,NfmPLIVZsaw1ubYNZe6s1KyUziw=,0eY1zFHxbxrdGsHaXqE3fLbZ/xY=
18,11,NfmPLIVZsaw1ubYNZe6s1KyUziw=,0eY1zFHxbxrdGsHaXqE3fLbZ/xY=
20,8,NfmPLIVZsaw1ubYNZe6s1KyUziw=,d17XXA/f/zMwa+d6GJa5PC8P0e0=
19,6,NfmPLIVZsaw1ubYNZe6s1KyUziw=,RwmEf99IdzvP8c7JesU76YWG+DY=
20,6,NfmPLIVZsaw1ubYNZe6s1KyUziw=,vYpU15/n6as9lnLYY+QcCHvd0Bg=
20,7,NfmPLIVZsaw1ubYNZe6s1KyUziw=,vYpU15/n6as9lnLYY+QcCHvd0Bg=
19,8,NfmPLIVZsaw1ubYNZe6s1KyUziw=,0eY1zFHxbxrdGsHaXqE3fLbZ/xY=
18,8,NfmPLIVZsaw1ubYNZe6s1KyUziw=,0eY1zFHxbxrdGsHaXqE3fLbZ/xY=
19,7,NfmPLIVZsaw1ubYNZe6s1KyUziw=,RwmEf99IdzvP8c7JesU76YWG+DY=
18,7,NfmPLIVZsaw1ubYNZe6s1KyUziw=,RwmEf99IdzvP8c7JesU76YWG+DY=
18,9,NfmPLIVZsaw1ubYNZe6s1KyUziw=,0eY1zFHxbxrdGsHaXqE3fLbZ/xY=
18,6,NfmPLIVZsaw1ubYNZe6s1KyUziw=,RwmEf99IdzvP8c7JesU76YWG+DY=
22,0,NfmPLIVZsaw1ubYNZe6s1KyUziw=,/hm5drDv8xWEmYXE9gIQmosTARI=
16,11,NfmPLIVZsaw1ubYNZe6s1KyUziw=,0eY1zFHxbxrdGsHaXqE3fLbZ/xY=
23,1,NfmPLIVZsaw1ubYNZe6s1KyUziw=,/hm5drDv8xWEmYXE9gIQmosTARI=
23,2,NfmPLIVZsaw1ubYNZe6s1KyUziw=,/hm5drDv8xWEmYXE9gIQmosTARI=
23,5,NfmPLIVZsaw1ubYNZe6s1KyUziw=,vYpU15/n6as9lnLYY+QcCHvd0Bg=
23,6,NfmPLIVZsaw1ubYNZe6s1KyUziw=,vYpU15/n6as9lnLYY+QcCHvd0Bg=
23,8,NfmPLIVZsaw1ubYNZe6s1KyUziw=,d17XXA/f/zMwa+d6GJa5PC8P0e0=
19,11,NfmPLIVZsaw1ubYNZe6s1KyUziw=,0eY1zFHxbxrdGsHaXqE3fLbZ/xY=
23,7,NfmPLIVZsaw1ubYNZe6s1KyUziw=,vYpU15/n6as9lnLYY+QcCHvd0Bg=
22,11,NfmPLIVZsaw1ubYNZe6s1KyUziw=,d17XXA/f/zMwa+d6GJa5PC8P0e0=
23,11,NfmPLIVZsaw1ubYNZe6s1KyUziw=,d17XXA/f/zMwa+d6GJa5PC8P0e0=
20,11,NfmPLIVZsaw1ubYNZe6s1KyUziw=,d17XXA/f/zMwa+d6GJa5PC8P0e0=
21,11,NfmPLIVZsaw1ubYNZe6s1KyUziw=,d17XXA/f/zMwa+d6GJa5PC8P0e0=
23,0,NfmPLIVZsaw1ubYNZe6s1KyUziw=,/hm5drDv8xWEmYXE9gIQmosTARI=
18,10,NfmPLIVZsaw1ubYNZe6s1KyUziw=,0eY1zFHxbxrdGsHaXqE3fLbZ/xY=
23,4,NfmPLIVZsaw1ubYNZe6s1KyUziw=,vYpU15/n6as9lnLYY+QcCHvd0Bg=
22,4,NfmPLIVZsaw1ubYNZe6s1KyUziw=,vYpU15/n6as9lnLYY+QcCHvd0Bg=
23,3,NfmPLIVZsaw1ubYNZe6s1KyUziw=,/hm5drDv8xWEmYXE9gIQmosTARI=
16,10,NfmPLIVZsaw1ubYNZe6s1KyUziw=,0eY1zFHxbxrdGsHaXqE3fLbZ/xY=
17,10,NfmPLIVZsaw1ubYNZe6s1KyUziw=,0eY1zFHxbxrdGsHaXqE3fLbZ/xY=
22,3,NfmPLIVZsaw1ubYNZe6s1KyUziw=,/hm5drDv8xWEmYXE9gIQmosTARI=
21,1,NfmPLIVZsaw1ubYNZe6s1KyUziw=,/hm5drDv8xWEmYXE9gIQmosTARI=
21,4,NfmPLIVZsaw1ubYNZe6s1KyUziw=,vYpU15/n6as9lnLYY+QcCHvd0Bg=
21,2,NfmPLIVZsaw1ubYNZe6s1KyUziw=,/hm5drDv8xWEmYXE9gIQmosTARI=
20,5,NfmPLIVZsaw1ubYNZe6s1KyUziw=,vYpU15/n6as9lnLYY+QcCHvd0Bg=
21,0,NfmPLIVZsaw1ubYNZe6s1KyUziw=,/hm5drDv8xWEmYXE9gIQmosTARI=
20,4,NfmPLIVZsaw1ubYNZe6s1KyUziw=,vYpU15/n6as9lnLYY+QcCHvd0Bg=
19,3,NfmPLIVZsaw1ubYNZe6s1KyUziw=,a7XywQ1gFdOqs8uYcRRqAU0zupI=
20,1,NfmPLIVZsaw1ubYNZe6s1KyUziw=,/hm5drDv8xWEmYXE9gIQmosTARI=
18,1,NfmPLIVZsaw1ubYNZe6s1KyUziw=,a7XywQ1gFdOqs8uYcRRqAU0zupI=
19,5,NfmPLIVZsaw1ubYNZe6s1KyUziw=,RwmEf99IdzvP8c7JesU76YWG+DY=
18,4,NfmPLIVZsaw1ubYNZe6s1KyUziw=,RwmEf99IdzvP8c7JesU76YWG+DY=
18,3,NfmPLIVZsaw1ubYNZe6s1KyUziw=,a7XywQ1gFdOqs8uYcRRqAU0zupI=
18,5,NfmPLIVZsaw1ubYNZe6s1KyUziw=,RwmEf99IdzvP8c7JesU76YWG+DY=
19,4,NfmPLIVZsaw1ubYNZe6s1KyUziw=,RwmEf99IdzvP8c7JesU76YWG+DY=
20,3,NfmPLIVZsaw1ubYNZe6s1KyUziw=,/hm5drDv8xWEmYXE9gIQmosTARI=
16,8,NfmPLIVZsaw1ubYNZe6s1KyUziw=,0eY1zFHxbxrdGsHaXqE3fLbZ/xY=
16,9,NfmPLIVZsaw1ubYNZe6s1KyUziw=,0eY1zFHxbxrdGsHaXqE3fLbZ/xY=
17,8,NfmPLIVZsaw1ubYNZe6s1KyUziw=,0eY1zFHxbxrdGsHaXqE3fLbZ/xY=
19,2,NfmPLIVZsaw1ubYNZe6s1KyUziw=,a7XywQ1gFdOqs8uYcRRqAU0zupI=
21,3,NfmPLIVZsaw1ubYNZe6s1KyUziw=,/hm5drDv8xWEmYXE9gIQmosTARI=
20,0,NfmPLIVZsaw1ubYNZe6s1KyUziw=,/hm5drDv8xWEmYXE9gIQmosTARI=
19,1,NfmPLIVZsaw1ubYNZe6s1KyUziw=,a7XywQ1gFdOqs8uYcRRqAU0zupI=
17,9,NfmPLIVZsaw1ubYNZe6s1KyUziw=,0eY1zFHxbxrdGsHaXqE3fLbZ/xY=
18,0,NfmPLIVZsaw1ubYNZe6s1KyUziw=,a7XywQ1gFdOqs8uYcRRqAU0zupI=
20,2,NfmPLIVZsaw1ubYNZe6s1KyUziw=,/hm5drDv8xWEmYXE9gIQmosTARI=
17,4,NfmPLIVZsaw1ubYNZe6s1KyUziw=,RwmEf99IdzvP8c7JesU76YWG+DY=
17,7,NfmPLIVZsaw1ubYNZe6s1KyUziw=,RwmEf99IdzvP8c7JesU76YWG+DY=
17,5,NfmPLIVZsaw1ubYNZe6s1KyUziw=,RwmEf99IdzvP8c7JesU76YWG+DY=
18,2,NfmPLIVZsaw1ubYNZe6s1KyUziw=,a7XywQ1gFdOqs8uYcRRqAU0zupI=
16,3,NfmPLIVZsaw1ubYNZe6s1KyUziw=,a7XywQ1gFdOqs8uYcRRqAU0zupI=
16,4,NfmPLIVZsaw1ubYNZe6s1KyUziw=,RwmEf99IdzvP8c7JesU76YWG+DY=
16,7,NfmPLIVZsaw1ubYNZe6s1KyUziw=,RwmEf99IdzvP8c7JesU76YWG+DY=
16,6,NfmPLIVZsaw1ubYNZe6s1KyUziw=,RwmEf99IdzvP8c7JesU76YWG+DY=
17,2,NfmPLIVZsaw1ubYNZe6s1KyUziw=,a7XywQ1gFdOqs8uYcRRqAU0zupI=
16,2,NfmPLIVZsaw1ubYNZe6s1KyUziw=,a7XywQ1gFdOqs8uYcRRqAU0zupI=
17,3,NfmPLIVZsaw1ubYNZe6s1KyUziw=,a7XywQ1gFdOqs8uYcRRqAU0zupI=
19,0,NfmPLIVZsaw1ubYNZe6s1KyUziw=,a7XywQ1gFdOqs8uYcRRqAU0zupI=
16,5,NfmPLIVZsaw1ubYNZe6s1KyUziw=,RwmEf99IdzvP8c7JesU76YWG+DY=
17,6,NfmPLIVZsaw1ubYNZe6s1KyUziw=,RwmEf99IdzvP8c7JesU76YWG+DY=
17,1,NfmPLIVZsaw1ubYNZe6s1KyUziw=,a7XywQ1gFdOqs8uYcRRqAU0zupI=
16,1,NfmPLIVZsaw1ubYNZe6s1KyUziw=,a7XywQ1gFdOqs8uYcRRqAU0zupI=
16,0,NfmPLIVZsaw1ubYNZe6s1KyUziw=,a7XywQ1gFdOqs8uYcRRqAU0zupI=
17,0,NfmPLIVZsaw1ubYNZe6s1KyUziw=,a7XywQ1gFdOqs8uYcRRqAU0zupI=
